Design,ipae_score
9KB5,20.354385403329065
9KB6,9.307477564102564
9KB7,6.437407713498622
