Design,ipae_score
5nq4_l120_s808237_mpnn5,7.573999305555555
5nq4_l120_s808237_mpnn8,10.233836805555555
5nq4_l88_s194736_mpnn6,3.9081249999999996
5nq4_l88_s194736_mpnn5,3.9539251893939396
5nq4_l86_s533102_mpnn8,4.895520348837209
5nq4_l86_s533102_mpnn6,4.496228682170543
5nq4_l84_s3585_mpnn4,4.753691468253969
5nq4_l120_s575933_mpnn1,4.401350694444445
5nq4_l120_s575933_mpnn12,6.142697916666666
