{
  "plddt_binder": {
    "0": 86.10066666666668
  },
  "plddt_target": 83.98566666666666,
  "pae_binder": {
    "0": 4.0131958333333335
  },
  "pae_target": 3.284325,
  "ipae": {
    "0": 7.573999305555555
  },
  "ipae_binder": {
    "0": [
      18.2485,
      16.747583333333335,
      15.07125,
      13.553166666666666,
      9.411999999999999,
      8.009000000000002,
      7.229416666666667,
      7.82675,
      7.381083333333331,
      6.826583333333332,
      6.888000000000001,
      7.537000000000001,
      7.171666666666666,
      7.124666666666667,
      7.770333333333332,
      7.899333333333333,
      7.783250000000001,
      6.73025,
      6.414249999999999,
      6.89575,
      6.426750000000001,
      5.984499999999999,
      6.4435,
      6.600333333333332,
      6.186583333333331,
      6.276250000000001,
      6.482666666666667,
      6.798333333333333,
      6.7742499999999986,
      7.0034166666666655,
      7.146666666666667,
      7.739000000000002,
      9.206583333333333,
      9.413583333333333,
      8.553666666666667,
      7.931666666666665,
      7.988416666666666,
      7.579583333333334,
      7.274166666666666,
      7.069749999999999,
      7.295,
      6.902916666666668,
      6.435583333333334,
      6.526833333333332,
      6.394499999999999,
      6.132083333333334,
      6.078,
      6.4005833333333335,
      6.360333333333333,
      5.967416666666669,
      6.1122499999999995,
      6.893833333333333,
      6.500416666666667,
      6.645833333333333,
      7.121916666666667,
      7.138083333333334,
      6.90075,
      7.237666666666668,
      8.000333333333334,
      8.089750000000002,
      8.455166666666665,
      8.199250000000001,
      7.597333333333333,
      7.443750000000001,
      7.074249999999999,
      6.633583333333331,
      6.247583333333335,
      6.108083333333333,
      6.089416666666667,
      5.613833333333332,
      5.749833333333333,
      5.488166666666668,
      5.321833333333334,
      5.063583333333332,
      5.1576666666666675,
      5.263000000000002,
      5.294666666666667,
      5.489416666666665,
      5.580166666666668,
      6.052083333333332,
      6.357833333333334,
      6.143083333333332,
      6.56325,
      7.249500000000001,
      7.668916666666665,
      7.931333333333331,
      8.74658333333333,
      11.046083333333334,
      12.463166666666666,
      9.901833333333334,
      9.5985,
      9.14233333333333,
      8.842583333333334,
      8.344666666666665,
      8.116249999999999,
      7.967333333333332,
      7.734750000000002,
      6.971333333333334,
      6.99025,
      7.177583333333333,
      6.4199166666666665,
      6.049416666666666,
      6.33725,
      6.386166666666666,
      5.701833333333332,
      5.830916666666667,
      6.204333333333333,
      6.111000000000001,
      5.552916666666667,
      5.948916666666667,
      6.253333333333334,
      6.253333333333336,
      6.170916666666667,
      6.74625,
      7.324333333333334,
      8.70175,
      13.091000000000001,
      13.519583333333335,
      14.181666666666668,
      14.68166666666667
    ]
  }
}